sku_id,date,forecast
SKU0199,2025-10-12,151.54045809701682
SKU0001,2025-10-12,163.19941546154405
SKU0198,2025-10-12,0.8227790637089717
SKU0003,2025-10-12,11.539047758865843
SKU0002,2025-10-12,318.48089919527314
SKU0197,2025-10-12,335.05443214265887
SKU0166,2025-10-12,309.9843915550973
SKU0005,2025-10-12,4.48207365406685
SKU0087,2025-10-12,11.04718701020343
SKU0155,2025-10-12,72.21484940001648
SKU0088,2025-10-12,233.08947161041326
SKU0089,2025-10-12,8.588508466311108
SKU0090,2025-10-12,320.819261193387
SKU0154,2025-10-12,253.95712085854947
SKU0091,2025-10-12,15.220504463059212
SKU0153,2025-10-12,169.7700918805346
SKU0092,2025-10-12,230.06656566730922
SKU0086,2025-10-12,33.03618138101723
SKU0152,2025-10-12,59.697742282700126
SKU0094,2025-10-12,24.59768156255383
SKU0095,2025-10-12,131.5964921733158
SKU0151,2025-10-12,48.07522270026776
SKU0096,2025-10-12,226.1144562620859
SKU0097,2025-10-12,12.626030746000941
SKU0150,2025-10-12,10.381020847675678
SKU0098,2025-10-12,49.507742145432815
SKU0099,2025-10-12,16.0265633836158
SKU0149,2025-10-12,21.323848462599088
SKU0093,2025-10-12,317.8172390797421
SKU0100,2025-10-12,0.8227790637089717
SKU0156,2025-10-12,15.261827871459811
SKU0084,2025-10-12,7.420418884156694
SKU0071,2025-10-12,50.220423205324074
SKU0163,2025-10-12,4.327251122854842
SKU0072,2025-10-12,321.56932826719554
SKU0073,2025-10-12,135.90651727127505
SKU0162,2025-10-12,63.78924820931215
SKU0074,2025-10-12,189.0684951103334
SKU0075,2025-10-12,90.10437912917159
SKU0161,2025-10-12,290.3121549745446
SKU0076,2025-10-12,34.50994121687691
SKU0085,2025-10-12,177.9943650649731
SKU0077,2025-10-12,275.05819938991635
SKU0078,2025-10-12,199.2110395492795
SKU0079,2025-10-12,5.158540599162572
SKU0159,2025-10-12,10.614426937700165
SKU0080,2025-10-12,2.860495898653305
SKU0081,2025-10-12,237.23672258822592
SKU0158,2025-10-12,0.8227790637089717
SKU0082,2025-10-12,30.901822872388024
SKU0083,2025-10-12,12.060935432378342
SKU0157,2025-10-12,0.8227790637089717
SKU0160,2025-10-12,304.39831244343094
SKU0101,2025-10-12,151.0976555056542
SKU0148,2025-10-12,219.52719402737532
SKU0102,2025-10-12,159.9882674376632
SKU0138,2025-10-12,183.73351169069596
SKU0119,2025-10-12,299.54148199445007
SKU0120,2025-10-12,87.1511399477522
SKU0137,2025-10-12,125.23601096161634
SKU0121,2025-10-12,10.91742637310823
SKU0122,2025-10-12,22.172047463027198
SKU0136,2025-10-12,141.85507917024725
SKU0123,2025-10-12,320.62887906525896
SKU0124,2025-10-12,302.44874282782064
SKU0118,2025-10-12,187.46275709291842
SKU0135,2025-10-12,1.0948657040777683
SKU0126,2025-10-12,37.74739114105413
SKU0127,2025-10-12,18.020565942116967
SKU0134,2025-10-12,17.49621703821125
SKU0128,2025-10-12,80.77467005551203
SKU0129,2025-10-12,32.38211146382033
SKU0133,2025-10-12,0.8616619428396827
SKU0130,2025-10-12,2.926213242806977
SKU0131,2025-10-12,16.20071683459134
SKU0132,2025-10-12,77.57379344063742
SKU0125,2025-10-12,23.78957258510613
SKU0117,2025-10-12,0.8227790637089717
SKU0139,2025-10-12,12.546224746275318
SKU0116,2025-10-12,0.8227790637089717
SKU0103,2025-10-12,20.188961939293144
SKU0147,2025-10-12,263.3535868351339
SKU0104,2025-10-12,249.39237018969854
SKU0105,2025-10-12,0.8227790637089717
SKU0146,2025-10-12,0.8227790637089717
SKU0106,2025-10-12,239.52982014882946
SKU0145,2025-10-12,311.57820198361696
SKU0107,2025-10-12,37.604298063385336
SKU0144,2025-10-12,9.604745953667859
SKU0143,2025-10-12,4.846377840625581
SKU0108,2025-10-12,0.8227790637089717
SKU0109,2025-10-12,181.91504265192108
SKU0110,2025-10-12,46.44880245363283
SKU0142,2025-10-12,48.732743386734626
SKU0111,2025-10-12,66.66842615500302
SKU0112,2025-10-12,6.025873810733432
SKU0141,2025-10-12,77.57379344063742
SKU0113,2025-10-12,0.8227790637089717
SKU0114,2025-10-12,118.92835835830043
SKU0140,2025-10-12,7.983001858059281
SKU0115,2025-10-12,318.2795268873274
SKU0070,2025-10-12,155.9911300422223
SKU0004,2025-10-12,0.8227790637089717
SKU0164,2025-10-12,79.26261401363203
SKU0068,2025-10-12,242.9480562430055
SKU0188,2025-10-12,0.8227790637089717
SKU0022,2025-10-12,190.3726580336202
SKU0023,2025-10-12,151.9525068741639
SKU0187,2025-10-12,66.36128170209734
SKU0024,2025-10-12,5.969223930429347
SKU0025,2025-10-12,7.156907700373096
SKU0186,2025-10-12,21.8947317406827
SKU0026,2025-10-12,320.63434837822007
SKU0027,2025-10-12,39.8639690128079
SKU0021,2025-10-12,57.80012224479114
SKU0185,2025-10-12,299.000139997685
SKU0029,2025-10-12,43.60500697229373
SKU0184,2025-10-12,330.8310355962942
SKU0030,2025-10-12,58.92119648739679
SKU0031,2025-10-12,0.8227790637089717
SKU0032,2025-10-12,348.95226238531154
SKU0183,2025-10-12,185.11198494150455
SKU0033,2025-10-12,36.913561423038956
SKU0034,2025-10-12,111.06690932701615
SKU0182,2025-10-12,302.48533310480144
SKU0028,2025-10-12,20.330832122556806
SKU0181,2025-10-12,191.34646810819558
SKU0020,2025-10-12,41.928647150037065
SKU0019,2025-10-12,11.330935766275203
SKU0196,2025-10-12,15.431158866606406
SKU0006,2025-10-12,132.97172590263398
SKU0007,2025-10-12,78.44227207639892
SKU0195,2025-10-12,4.274020805612134
SKU0008,2025-10-12,162.48346051515617
SKU0009,2025-10-12,118.22479529948644
SKU0194,2025-10-12,117.0774594194008
SKU0010,2025-10-12,336.5564614215646
SKU0011,2025-10-12,243.4331320299721
SKU0189,2025-10-12,314.6532970383995
SKU0193,2025-10-12,14.226267876224473
SKU0013,2025-10-12,28.689282203382454
SKU0192,2025-10-12,17.581604586949616
SKU0014,2025-10-12,91.04513073824505
SKU0015,2025-10-12,116.74857615304481
SKU0191,2025-10-12,132.92575188172646
SKU0016,2025-10-12,227.86666844963443
SKU0017,2025-10-12,4.419472589137028
SKU0190,2025-10-12,286.042062676823
SKU0018,2025-10-12,0.8616619428396827
SKU0012,2025-10-12,9.965933861002743
SKU0035,2025-10-12,64.61280616230187
SKU0180,2025-10-12,0.8616619428396827
SKU0036,2025-10-12,18.271356555208897
SKU0054,2025-10-12,96.69246356082905
SKU0171,2025-10-12,188.34964955677435
SKU0055,2025-10-12,4.294954831139741
SKU0056,2025-10-12,203.0389000902243
SKU0170,2025-10-12,157.72574888813145
SKU0057,2025-10-12,292.4256151020081
SKU0058,2025-10-12,28.689282203382454
SKU0059,2025-10-12,109.26164168542994
SKU0169,2025-10-12,209.17280487977422
SKU0053,2025-10-12,9.299501628761446
SKU0060,2025-10-12,15.220504463059212
SKU0168,2025-10-12,105.3667753752607
SKU0062,2025-10-12,146.5628277590009
SKU0063,2025-10-12,98.40004624840809
SKU0167,2025-10-12,170.05244749011726
SKU0064,2025-10-12,41.95143148278333
SKU0065,2025-10-12,162.9955769823209
SKU0066,2025-10-12,354.4843041984738
SKU0067,2025-10-12,5.423965537552122
SKU0165,2025-10-12,7.983001858059281
SKU0061,2025-10-12,3.6224559864195283
SKU0172,2025-10-12,53.97932149508104
SKU0052,2025-10-12,73.41520578701011
SKU0051,2025-10-12,0.8227790637089717
SKU0037,2025-10-12,23.61875541210967
SKU0038,2025-10-12,207.6923508834817
SKU0179,2025-10-12,228.93293856420183
SKU0039,2025-10-12,6.386877438296285
SKU0040,2025-10-12,295.3596837485633
SKU0178,2025-10-12,86.39675169354159
SKU0041,2025-10-12,41.76746582106993
SKU0042,2025-10-12,84.56054458363538
SKU0177,2025-10-12,121.27299174294349
SKU0043,2025-10-12,182.00544964262852
SKU0044,2025-10-12,0.8227790637089717
SKU0176,2025-10-12,146.16186226224696
SKU0045,2025-10-12,38.66659707030973
SKU0046,2025-10-12,175.7706851337012
SKU0175,2025-10-12,111.8625616173374
SKU0047,2025-10-12,72.62927498341112
SKU0048,2025-10-12,21.51289885238228
SKU0174,2025-10-12,3.477641930170956
SKU0049,2025-10-12,229.2704712339265
SKU0050,2025-10-12,43.412756968655124
SKU0173,2025-10-12,11.126993009929054
SKU0069,2025-10-12,145.0936878488839
SKU0200,2025-10-12,0.8616619428396827
SKU0199,2025-10-19,183.567736714834
SKU0001,2025-10-19,198.26629879483835
SKU0198,2025-10-19,2.73737067779457
SKU0003,2025-10-19,14.088113491887546
SKU0002,2025-10-19,415.81803852682157
SKU0197,2025-10-19,492.40227282908995
SKU0166,2025-10-19,443.97356416476975
SKU0005,2025-10-19,6.795806361617702
SKU0087,2025-10-19,13.516446743499506
SKU0155,2025-10-19,77.89459574326047
SKU0088,2025-10-19,270.65522802286216
SKU0089,2025-10-19,11.29631611958262
SKU0090,2025-10-19,396.8394097158241
SKU0154,2025-10-19,317.0718335244843
SKU0091,2025-10-19,18.157202761438697
SKU0153,2025-10-19,216.38961986570234
SKU0092,2025-10-19,275.92908414363507
SKU0086,2025-10-19,35.61835715280187
SKU0152,2025-10-19,65.71512275084962
SKU0094,2025-10-19,28.51281838338307
SKU0095,2025-10-19,156.52226453925138
SKU0151,2025-10-19,52.401693823149145
SKU0096,2025-10-19,265.0186255965155
SKU0097,2025-10-19,15.259713689966068
SKU0150,2025-10-19,14.17398917042196
SKU0098,2025-10-19,55.14070939377986
SKU0099,2025-10-19,18.023255813662715
SKU0149,2025-10-19,23.668668525824856
SKU0093,2025-10-19,390.76807451923446
SKU0100,2025-10-19,2.73737067779457
SKU0156,2025-10-19,17.250224933525004
SKU0084,2025-10-19,10.093082817847604
SKU0071,2025-10-19,54.12929277012599
SKU0163,2025-10-19,6.795806361617702
SKU0072,2025-10-19,371.8650010070603
SKU0073,2025-10-19,161.4285537843355
SKU0162,2025-10-19,69.00311839039001
SKU0074,2025-10-19,226.9982488529351
SKU0075,2025-10-19,94.62655734476935
SKU0161,2025-10-19,337.5839781470133
SKU0076,2025-10-19,38.491594776137475
SKU0085,2025-10-19,217.94582252567685
SKU0077,2025-10-19,326.8625832197133
SKU0078,2025-10-19,236.734310048693
SKU0079,2025-10-19,7.073132213248171
SKU0159,2025-10-19,13.567127607309633
SKU0080,2025-10-19,5.221612112840366
SKU0081,2025-10-19,268.69287274004813
SKU0158,2025-10-19,2.73737067779457
SKU0082,2025-10-19,33.64873332616029
SKU0083,2025-10-19,13.938254083417718
SKU0157,2025-10-19,2.73737067779457
SKU0160,2025-10-19,333.3812670894558
SKU0101,2025-10-19,182.86528812085064
SKU0148,2025-10-19,252.9078936397404
SKU0102,2025-10-19,199.1088132573838
SKU0138,2025-10-19,216.68705151949155
SKU0119,2025-10-19,356.8280051346033
SKU0120,2025-10-19,100.59548927328521
SKU0137,2025-10-19,151.85467217847506
SKU0121,2025-10-19,14.095887334956334
SKU0122,2025-10-19,24.894632945509287
SKU0136,2025-10-19,171.10907362657846
SKU0123,2025-10-19,405.0417748156559
SKU0124,2025-10-19,450.5842031317184
SKU0118,2025-10-19,226.6028068326757
SKU0135,2025-10-19,2.7762535569252815
SKU0126,2025-10-19,46.768269923665436
SKU0127,2025-10-19,20.05028641258272
SKU0134,2025-10-19,20.07368503351117
SKU0128,2025-10-19,89.40176104094814
SKU0129,2025-10-19,33.9987774448968
SKU0133,2025-10-19,2.7762535569252815
SKU0130,2025-10-19,5.287329456994039
SKU0131,2025-10-19,18.055544652925477
SKU0132,2025-10-19,84.73293032584361
SKU0125,2025-10-19,26.773536400943406
SKU0117,2025-10-19,2.73737067779457
SKU0139,2025-10-19,15.308799083060082
SKU0116,2025-10-19,2.73737067779457
SKU0103,2025-10-19,22.33425016090009
SKU0147,2025-10-19,343.008477667591
SKU0104,2025-10-19,296.3748358221946
SKU0105,2025-10-19,2.73737067779457
SKU0146,2025-10-19,2.73737067779457
SKU0106,2025-10-19,264.00585371684554
SKU0145,2025-10-19,443.5954653689193
SKU0107,2025-10-19,43.170082784997064
SKU0144,2025-10-19,11.995654331468494
SKU0143,2025-10-19,7.403890007631788
SKU0108,2025-10-19,2.73737067779457
SKU0109,2025-10-19,218.96589637116458
SKU0110,2025-10-19,51.76470967926541
SKU0142,2025-10-19,52.203161315400976
SKU0111,2025-10-19,76.9774812978627
SKU0112,2025-10-19,8.823385211793758
SKU0141,2025-10-19,85.28981999083328
SKU0113,2025-10-19,2.73737067779457
SKU0114,2025-10-19,142.80685123533752
SKU0140,2025-10-19,10.14139026530628
SKU0115,2025-10-19,455.43199580107307
SKU0070,2025-10-19,185.3768827549445
SKU0004,2025-10-19,2.73737067779457
SKU0164,2025-10-19,89.03681849628279
SKU0068,2025-10-19,301.23825200064454
SKU0188,2025-10-19,2.73737067779457
SKU0022,2025-10-19,235.28065771554265
SKU0023,2025-10-19,178.63965589982257
SKU0187,2025-10-19,76.25443225541251
SKU0024,2025-10-19,7.899387484795912
SKU0025,2025-10-19,10.093082817847604
SKU0186,2025-10-19,25.987093547789584
SKU0026,2025-10-19,422.56322588147344
SKU0027,2025-10-19,41.43209959212157
SKU0021,2025-10-19,63.517522530071915
SKU0185,2025-10-19,350.2982978745651
SKU0029,2025-10-19,46.489814996032074
SKU0184,2025-10-19,366.28877815895964
SKU0030,2025-10-19,67.96899683449207
SKU0031,2025-10-19,2.73737067779457
SKU0032,2025-10-19,403.55835872617973
SKU0183,2025-10-19,219.81389967398306
SKU0033,2025-10-19,39.84053825043474
SKU0034,2025-10-19,129.7072556008274
SKU0182,2025-10-19,405.3713313552765
SKU0028,2025-10-19,21.94368210502669
SKU0181,2025-10-19,245.99499158523773
SKU0020,2025-10-19,44.576594971380324
SKU0019,2025-10-19,13.97401583483329
SKU0196,2025-10-19,17.291548341925605
SKU0006,2025-10-19,154.70879943832017
SKU0007,2025-10-19,89.35130313445558
SKU0195,2025-10-19,6.733735540448619
SKU0008,2025-10-19,201.93665804387038
SKU0009,2025-10-19,141.73258168578525
SKU0194,2025-10-19,144.03916368126548
SKU0010,2025-10-19,494.42699427909207
SKU0011,2025-10-19,286.87355792917066
SKU0189,2025-10-19,408.93477443768876
SKU0193,2025-10-19,15.965527943417408
SKU0013,2025-10-19,32.21645952792946
SKU0192,2025-10-19,19.587889336287034
SKU0014,2025-10-19,102.91623465663375
SKU0015,2025-10-19,145.66367796714502
SKU0191,2025-10-19,155.14698656820778
SKU0016,2025-10-19,269.33708104443036
SKU0017,2025-10-19,6.888558071660627
SKU0190,2025-10-19,355.91062971392336
SKU0018,2025-10-19,2.7762535569252815
SKU0012,2025-10-19,12.285334185828994
SKU0035,2025-10-19,70.30444955676116
SKU0180,2025-10-19,2.7762535569252815
SKU0036,2025-10-19,20.32724645779971
SKU0054,2025-10-19,111.06506598555639
SKU0171,2025-10-19,234.37345083308216
SKU0055,2025-10-19,6.559716284833288
SKU0056,2025-10-19,251.260796282021
SKU0170,2025-10-19,186.43661582215748
SKU0057,2025-10-19,350.5694718516198
SKU0058,2025-10-19,31.65155655188922
SKU0059,2025-10-19,124.48948031803121
SKU0169,2025-10-19,250.1114805269606
SKU0053,2025-10-19,11.995654331468494
SKU0060,2025-10-19,17.20215002290947
SKU0168,2025-10-19,119.74482628807691
SKU0062,2025-10-19,172.68153043082472
SKU0063,2025-10-19,110.2383739614884
SKU0167,2025-10-19,207.30238357349853
SKU0064,2025-10-19,44.576594971380324
SKU0065,2025-10-19,201.57854398642317
SKU0066,2025-10-19,399.0810554840079
SKU0067,2025-10-19,6.959387622059281
SKU0165,2025-10-19,10.14139026530628
SKU0061,2025-10-19,5.938215715207649
SKU0172,2025-10-19,59.080694215271905
SKU0052,2025-10-19,82.76011645531149
SKU0051,2025-10-19,2.73737067779457
SKU0037,2025-10-19,26.11168574106655
SKU0038,2025-10-19,256.7225996797761
SKU0179,2025-10-19,269.45911170988614
SKU0039,2025-10-19,8.94172731290963
SKU0040,2025-10-19,417.2666593870883
SKU0178,2025-10-19,96.86887474915345
SKU0041,2025-10-19,43.67999676854406
SKU0042,2025-10-19,90.18861435776441
SKU0177,2025-10-19,148.06542268909195
SKU0043,2025-10-19,218.90027651265237
SKU0044,2025-10-19,2.73737067779457
SKU0176,2025-10-19,178.0794565956596
SKU0045,2025-10-19,46.62543738847339
SKU0046,2025-10-19,218.2222183599346
SKU0175,2025-10-19,124.43623175416371
SKU0047,2025-10-19,81.30567654343164
SKU0048,2025-10-19,24.367513839884545
SKU0174,2025-10-19,5.36642616908894
SKU0049,2025-10-19,265.7280972968885
SKU0050,2025-10-19,49.43798833761255
SKU0173,2025-10-19,13.516446743499506
SKU0069,2025-10-19,177.2924619451024
SKU0200,2025-10-19,2.7762535569252815
SKU0199,2025-10-26,263.6067735097242
SKU0001,2025-10-26,277.2683029217857
SKU0198,2025-10-26,6.8552621706572925
SKU0003,2025-10-26,20.939140721463126
SKU0002,2025-10-26,548.7346219787333
SKU0197,2025-10-26,541.1998621365201
SKU0166,2025-10-26,589.0134824519591
SKU0005,2025-10-26,11.619910645776688
SKU0087,2025-10-26,20.221643588414146
SKU0155,2025-10-26,103.84125613923138
SKU0088,2025-10-26,386.65722133225125
SKU0089,2025-10-26,17.718673266080323
SKU0090,2025-10-26,544.1524379173467
SKU0154,2025-10-26,414.00728707809856
SKU0091,2025-10-26,25.47902079567121
SKU0153,2025-10-26,310.36647917420737
SKU0092,2025-10-26,388.38982437134666
SKU0086,2025-10-26,51.03705361631567
SKU0152,2025-10-26,85.88603363952706
SKU0094,2025-10-26,39.91344875726674
SKU0095,2025-10-26,216.18934736477135
SKU0151,2025-10-26,69.22617531257771
SKU0096,2025-10-26,380.25890833945374
SKU0097,2025-10-26,22.214625791085204
SKU0150,2025-10-26,20.94364734393804
SKU0098,2025-10-26,76.7436811610034
SKU0099,2025-10-26,25.311893166785154
SKU0149,2025-10-26,31.219840416219455
SKU0093,2025-10-26,504.38902917693105
SKU0100,2025-10-26,6.8552621706572925
SKU0156,2025-10-26,25.48583877819887
SKU0084,2025-10-26,15.486181164833905
SKU0071,2025-10-26,75.55714281924789
SKU0163,2025-10-26,11.619910645776688
SKU0072,2025-10-26,474.9952338972245
SKU0073,2025-10-26,219.3250446715907
SKU0162,2025-10-26,86.37373808392687
SKU0074,2025-10-26,316.1313067668359
SKU0075,2025-10-26,136.25480919760068
SKU0161,2025-10-26,492.2538044422846
SKU0076,2025-10-26,52.16757178306801
SKU0085,2025-10-26,309.37418190744825
SKU0077,2025-10-26,407.85654661855483
SKU0078,2025-10-26,331.7899013661178
SKU0079,2025-10-26,13.191857349554184
SKU0159,2025-10-26,20.711863715054605
SKU0080,2025-10-26,9.981088397373856
SKU0081,2025-10-26,380.52831263104264
SKU0158,2025-10-26,6.8552621706572925
SKU0082,2025-10-26,49.87672462168747
SKU0083,2025-10-26,20.939140721463126
SKU0157,2025-10-26,6.8552621706572925
SKU0160,2025-10-26,483.574785423706
SKU0101,2025-10-26,261.79186576480276
SKU0148,2025-10-26,358.71806447594315
SKU0102,2025-10-26,279.3903613695017
SKU0138,2025-10-26,295.1357870672503
SKU0119,2025-10-26,486.8139156876058
SKU0120,2025-10-26,145.491706470586
SKU0137,2025-10-26,203.6360474555866
SKU0121,2025-10-26,20.53290120547637
SKU0122,2025-10-26,33.36111006770492
SKU0136,2025-10-26,236.54468996813804
SKU0123,2025-10-26,561.0671269557004
SKU0124,2025-10-26,589.0134824519591
SKU0118,2025-10-26,309.26543133003787
SKU0135,2025-10-26,6.923429529357382
SKU0126,2025-10-26,61.61213172240753
SKU0127,2025-10-26,28.968077684907435
SKU0134,2025-10-26,27.963982681968908
SKU0128,2025-10-26,125.93059803189308
SKU0129,2025-10-26,50.00974432072255
SKU0133,2025-10-26,6.923429529357382
SKU0130,2025-10-26,10.41054243919152
SKU0131,2025-10-26,25.976058904839327
SKU0132,2025-10-26,116.73243946068347
SKU0125,2025-10-26,35.777609774470484
SKU0117,2025-10-26,6.8552621706572925
SKU0139,2025-10-26,22.099058039944005
SKU0116,2025-10-26,6.8552621706572925
SKU0103,2025-10-26,31.193537984096984
SKU0147,2025-10-26,475.0076082263268
SKU0104,2025-10-26,391.5825146094354
SKU0105,2025-10-26,6.8552621706572925
SKU0146,2025-10-26,6.8552621706572925
SKU0106,2025-10-26,376.7983656226514
SKU0145,2025-10-26,588.9161067219765
SKU0107,2025-10-26,59.677147725908505
SKU0144,2025-10-26,18.483689824012643
SKU0143,2025-10-26,12.148693311587135
SKU0108,2025-10-26,6.8552621706572925
SKU0109,2025-10-26,310.99271085438744
SKU0110,2025-10-26,69.22617531257771
SKU0142,2025-10-26,71.89225462490384
SKU0111,2025-10-26,106.86988658555724
SKU0112,2025-10-26,15.484008467140423
SKU0141,2025-10-26,116.73243946068347
SKU0113,2025-10-26,6.8552621706572925
SKU0114,2025-10-26,197.73881708700898
SKU0140,2025-10-26,15.671105783262455
SKU0115,2025-10-26,572.3560450059897
SKU0070,2025-10-26,256.8579903259057
SKU0004,2025-10-26,6.8552621706572925
SKU0164,2025-10-26,124.5144371525588
SKU0068,2025-10-26,395.6417553771972
SKU0188,2025-10-26,6.8552621706572925
SKU0022,2025-10-26,331.5402618568711
SKU0023,2025-10-26,251.75602533640236
SKU0187,2025-10-26,104.01928791925125
SKU0024,2025-10-26,14.487064367882052
SKU0025,2025-10-26,16.048764138736505
SKU0186,2025-10-26,33.27171174868879
SKU0026,2025-10-26,595.3703289513287
SKU0027,2025-10-26,59.99087957730817
SKU0021,2025-10-26,85.70539220239765
SKU0185,2025-10-26,483.6783239572813
SKU0029,2025-10-26,68.42146008181776
SKU0184,2025-10-26,483.80054560880535
SKU0030,2025-10-26,88.90769197269316
SKU0031,2025-10-26,6.8552621706572925
SKU0032,2025-10-26,558.805841268969
SKU0183,2025-10-26,299.9390848302568
SKU0033,2025-10-26,58.278496010013654
SKU0034,2025-10-26,183.84403806409364
SKU0182,2025-10-26,566.6966380849157
SKU0028,2025-10-26,31.111262954808822
SKU0181,2025-10-26,350.5704864871943
SKU0020,2025-10-26,64.12730367464407
SKU0019,2025-10-26,21.054708472604325
SKU0196,2025-10-26,23.69885462281158
SKU0006,2025-10-26,216.58421835858186
SKU0007,2025-10-26,117.29189193257012
SKU0195,2025-10-26,11.595271241646135
SKU0008,2025-10-26,282.21306172125816
SKU0009,2025-10-26,199.81578692688126
SKU0194,2025-10-26,197.15464202453927
SKU0010,2025-10-26,579.8369626055448
SKU0011,2025-10-26,405.9205062376474
SKU0189,2025-10-26,551.4087816634395
SKU0193,2025-10-26,23.69885462281158
SKU0013,2025-10-26,46.22727399164281
SKU0192,2025-10-26,26.183816509109278
SKU0014,2025-10-26,148.60615934689451
SKU0015,2025-10-26,202.78945488426027
SKU0191,2025-10-26,216.73481215231595
SKU0016,2025-10-26,379.1868257053144
SKU0017,2025-10-26,11.595271241646135
SKU0190,2025-10-26,484.38297601052005
SKU0018,2025-10-26,6.923429529357382
SKU0012,2025-10-26,18.671620422415984
SKU0035,2025-10-26,98.37362234897743
SKU0180,2025-10-26,6.923429529357382
SKU0036,2025-10-26,27.9550145931438
SKU0054,2025-10-26,156.4216894149306
SKU0171,2025-10-26,322.0614700170737
SKU0055,2025-10-26,11.843371599010304
SKU0056,2025-10-26,336.4975067450464
SKU0170,2025-10-26,261.6745933437874
SKU0057,2025-10-26,484.85747568856414
SKU0058,2025-10-26,44.9541719522331
SKU0059,2025-10-26,183.09843711961514
SKU0169,2025-10-26,345.20911863712223
SKU0053,2025-10-26,18.671620422415984
SKU0060,2025-10-26,23.69885462281158
SKU0168,2025-10-26,183.11353216270376
SKU0062,2025-10-26,241.4755798422658
SKU0063,2025-10-26,154.8222278234169
SKU0167,2025-10-26,310.0313733434065
SKU0064,2025-10-26,64.61930155605044
SKU0065,2025-10-26,281.85494766381095
SKU0066,2025-10-26,552.5084417947372
SKU0067,2025-10-26,11.960762713183787
SKU0165,2025-10-26,15.420463820680233
SKU0061,2025-10-26,10.747954354978248
SKU0172,2025-10-26,79.69582981999223
SKU0052,2025-10-26,110.78789870127102
SKU0051,2025-10-26,6.8552621706572925
SKU0037,2025-10-26,36.075493935260965
SKU0038,2025-10-26,381.7981042015415
SKU0179,2025-10-26,381.4710205562087
SKU0039,2025-10-26,15.484008467140423
SKU0040,2025-10-26,605.6604104525057
SKU0178,2025-10-26,137.71346961506717
SKU0041,2025-10-26,65.60709941537685
SKU0042,2025-10-26,129.98917485024117
SKU0177,2025-10-26,206.5232466808904
SKU0043,2025-10-26,312.9494495255593
SKU0044,2025-10-26,6.8552621706572925
SKU0176,2025-10-26,259.22326321373464
SKU0045,2025-10-26,61.61213172240753
SKU0046,2025-10-26,298.7564166680226
SKU0175,2025-10-26,181.54360270595242
SKU0047,2025-10-26,110.62043413370091
SKU0048,2025-10-26,31.827650891095793
SKU0174,2025-10-26,10.710522937939722
SKU0049,2025-10-26,370.98050863247937
SKU0050,2025-10-26,69.42470782032589
SKU0173,2025-10-26,20.221643588414146
SKU0069,2025-10-26,245.12110330397363
SKU0200,2025-10-26,6.923429529357382
SKU0199,2025-11-02,203.9902516246649
SKU0001,2025-11-02,219.0878018011848
SKU0198,2025-11-02,1.0508561754813222
SKU0003,2025-11-02,12.295136349708605
SKU0002,2025-11-02,474.73543964434214
SKU0197,2025-11-02,468.4643861182244
SKU0166,2025-11-02,459.7966949778526
SKU0005,2025-11-02,5.272368061591253
SKU0087,2025-11-02,11.348974673489398
SKU0155,2025-11-02,75.17624505591145
SKU0088,2025-11-02,318.1774234743834
SKU0089,2025-11-02,9.133024908071187
SKU0090,2025-11-02,473.0061877262401
SKU0154,2025-11-02,336.06805035022506
SKU0091,2025-11-02,15.880319171457392
SKU0153,2025-11-02,245.88593912648145
SKU0092,2025-11-02,325.0224212513034
SKU0086,2025-11-02,34.95110448758106
SKU0152,2025-11-02,69.86075638568296
SKU0094,2025-11-02,28.621378069771556
SKU0095,2025-11-02,176.4268912737139
SKU0151,2025-11-02,54.83071249987291
SKU0096,2025-11-02,321.16804496922197
SKU0097,2025-11-02,12.295136349708605
SKU0150,2025-11-02,11.348974673489398
SKU0098,2025-11-02,56.45824434240888
SKU0099,2025-11-02,17.29420407084536
SKU0149,2025-11-02,21.547915800956922
SKU0093,2025-11-02,482.5115519965836
SKU0100,2025-11-02,1.0508561754813222
SKU0156,2025-11-02,15.880319171457392
SKU0084,2025-11-02,8.40694613953905
SKU0071,2025-11-02,56.45824434240888
SKU0163,2025-11-02,5.272368061591253
SKU0072,2025-11-02,410.48084942579584
SKU0073,2025-11-02,179.11391164664587
SKU0162,2025-11-02,69.07722973190796
SKU0074,2025-11-02,252.62906254195653
SKU0075,2025-11-02,99.41510999786672
SKU0161,2025-11-02,390.28492663564816
SKU0076,2025-11-02,37.194090000481545
SKU0085,2025-11-02,249.44565315750475
SKU0077,2025-11-02,372.17763552233066
SKU0078,2025-11-02,248.05541673067574
SKU0079,2025-11-02,5.606427125665984
SKU0159,2025-11-02,11.348974673489398
SKU0080,2025-11-02,3.244192985709989
SKU0081,2025-11-02,323.58043757286595
SKU0158,2025-11-02,1.6433628028684162
SKU0082,2025-11-02,33.56217387536984
SKU0083,2025-11-02,12.295136349708605
SKU0157,2025-11-02,1.6433628028684162
SKU0160,2025-11-02,387.88936357224924
SKU0101,2025-11-02,203.15741972126477
SKU0148,2025-11-02,317.353464170631
SKU0102,2025-11-02,223.9029210795355
SKU0138,2025-11-02,245.89005440518338
SKU0119,2025-11-02,381.92574366094027
SKU0120,2025-11-02,102.43801121800193
SKU0137,2025-11-02,164.67930348873222
SKU0121,2025-11-02,12.295136349708605
SKU0122,2025-11-02,22.695028954005515
SKU0136,2025-11-02,186.29493233785948
SKU0123,2025-11-02,494.59392053506315
SKU0124,2025-11-02,443.5101199794416
SKU0118,2025-11-02,254.3908784118914
SKU0135,2025-11-02,1.6433628028684162
SKU0126,2025-11-02,46.10521791369887
SKU0127,2025-11-02,19.118842562410585
SKU0134,2025-11-02,19.118842562410585
SKU0128,2025-11-02,93.40188634821308
SKU0129,2025-11-02,34.654634477650134
SKU0133,2025-11-02,1.6187233987378609
SKU0130,2025-11-02,3.42657599892049
SKU0131,2025-11-02,17.29420407084536
SKU0132,2025-11-02,85.14938546845467
SKU0125,2025-11-02,27.049981140706514
SKU0117,2025-11-02,1.6433628028684162
SKU0139,2025-11-02,12.295136349708605
SKU0116,2025-11-02,1.0508561754813222
SKU0103,2025-11-02,21.35886541117373
SKU0147,2025-11-02,370.78684093515386
SKU0104,2025-11-02,336.6667935777739
SKU0105,2025-11-02,1.0508561754813222
SKU0146,2025-11-02,1.6433628028684162
SKU0106,2025-11-02,323.2703145175959
SKU0145,2025-11-02,459.69931924786994
SKU0107,2025-11-02,45.6954742141971
SKU0144,2025-11-02,9.850522041120161
SKU0143,2025-11-02,5.581787721535429
SKU0108,2025-11-02,1.6433628028684162
SKU0109,2025-11-02,252.7003252538075
SKU0110,2025-11-02,53.568825974795715
SKU0142,2025-11-02,54.83071249987291
SKU0111,2025-11-02,78.81734496222306
SKU0112,2025-11-02,7.533804982929024
SKU0141,2025-11-02,85.14938546845467
SKU0113,2025-11-02,1.6433628028684162
SKU0114,2025-11-02,162.74481922866937
SKU0140,2025-11-02,8.722045732299067
SKU0115,2025-11-02,475.70549616420834
SKU0070,2025-11-02,207.4864568152228
SKU0004,2025-11-02,1.6433628028684162
SKU0164,2025-11-02,89.0371728379646
SKU0068,2025-11-02,344.4546319893695
SKU0188,2025-11-02,1.6433628028684162
SKU0022,2025-11-02,246.1735209801191
SKU0023,2025-11-02,198.50548801276753
SKU0187,2025-11-02,75.02252267983401
SKU0024,2025-11-02,6.012188322142453
SKU0025,2025-11-02,8.722045732299067
SKU0186,2025-11-02,22.695028954005515
SKU0026,2025-11-02,481.8608877100744
SKU0027,2025-11-02,45.56073824865178
SKU0021,2025-11-02,69.59378806339537
SKU0185,2025-11-02,389.05792726885676
SKU0029,2025-11-02,50.239016561271605
SKU0184,2025-11-02,416.407641839881
SKU0030,2025-11-02,70.74100328240999
SKU0031,2025-11-02,1.6433628028684162
SKU0032,2025-11-02,483.6623593232844
SKU0183,2025-11-02,253.19069691358246
SKU0033,2025-11-02,41.30378466522396
SKU0034,2025-11-02,135.39296013229688
SKU0182,2025-11-02,405.96430499332496
SKU0028,2025-11-02,20.278529247239938
SKU0181,2025-11-02,291.4366109789542
SKU0020,2025-11-02,46.406269109417586
SKU0019,2025-11-02,12.295136349708605
SKU0196,2025-11-02,14.788435661051308
SKU0006,2025-11-02,176.56375542299736
SKU0007,2025-11-02,87.73160311293684
SKU0195,2025-11-02,5.247728657460698
SKU0008,2025-11-02,224.65352362021207
SKU0009,2025-11-02,161.4676020664154
SKU0194,2025-11-02,160.772813137225
SKU0010,2025-11-02,476.20889331062824
SKU0011,2025-11-02,345.47450145378883
SKU0189,2025-11-02,442.32401074829113
SKU0193,2025-11-02,14.424697452445102
SKU0013,2025-11-02,30.345026219750064
SKU0192,2025-11-02,19.118842562410585
SKU0014,2025-11-02,106.80528743507965
SKU0015,2025-11-02,164.12994216250993
SKU0191,2025-11-02,175.05718707750316
SKU0016,2025-11-02,321.84985867576637
SKU0017,2025-11-02,5.247728657460698
SKU0190,2025-11-02,373.37579052742063
SKU0018,2025-11-02,1.6433628028684162
SKU0012,2025-11-02,10.353710499243723
SKU0035,2025-11-02,74.79620465434269
SKU0180,2025-11-02,1.6433628028684162
SKU0036,2025-11-02,19.118842562410585
SKU0054,2025-11-02,114.36743395513118
SKU0171,2025-11-02,252.02937852688927
SKU0055,2025-11-02,5.247728657460698
SKU0056,2025-11-02,308.898786673241
SKU0170,2025-11-02,203.05235185609808
SKU0057,2025-11-02,389.5970845687148
SKU0058,2025-11-02,29.96923474277399
SKU0059,2025-11-02,132.27913567266523
SKU0169,2025-11-02,303.479120233671
SKU0053,2025-11-02,9.850522041120161
SKU0060,2025-11-02,14.420232803423463
SKU0168,2025-11-02,133.07009761933648
SKU0062,2025-11-02,188.0353510008825
SKU0063,2025-11-02,114.49488380732615
SKU0167,2025-11-02,249.87210609937523
SKU0064,2025-11-02,48.961866070372416
SKU0065,2025-11-02,209.85857264075432
SKU0066,2025-11-02,478.6645054673906
SKU0067,2025-11-02,5.581787721535429
SKU0165,2025-11-02,8.40694613953905
SKU0061,2025-11-02,4.3031996539789334
SKU0172,2025-11-02,64.13107583675628
SKU0052,2025-11-02,83.04624106408949
SKU0051,2025-11-02,1.6433628028684162
SKU0037,2025-11-02,27.049981140706514
SKU0038,2025-11-02,307.2600212497542
SKU0179,2025-11-02,321.2131489668444
SKU0039,2025-11-02,7.533804982929024
SKU0040,2025-11-02,443.1245909849436
SKU0178,2025-11-02,101.0302491357809
SKU0041,2025-11-02,48.978984879845214
SKU0042,2025-11-02,91.96929701580368
SKU0177,2025-11-02,163.70009100043904
SKU0043,2025-11-02,247.3919128468718
SKU0044,2025-11-02,1.6433628028684162
SKU0176,2025-11-02,202.25490929159514
SKU0045,2025-11-02,46.10521791369887
SKU0046,2025-11-02,246.29098779181734
SKU0175,2025-11-02,135.17178557172215
SKU0047,2025-11-02,80.63667785265717
SKU0048,2025-11-02,22.695028954005515
SKU0174,2025-11-02,3.659327395641687
SKU0049,2025-11-02,322.7711938975337
SKU0050,2025-11-02,53.02226058159495
SKU0173,2025-11-02,11.348974673489398
SKU0069,2025-11-02,189.81441821822796
SKU0200,2025-11-02,1.6433628028684162
SKU0199,2025-11-09,213.5812072726609
SKU0001,2025-11-09,225.4216606050939
SKU0198,2025-11-09,0.45439909941703494
SKU0003,2025-11-09,11.973191609769712
SKU0002,2025-11-09,465.7206324947598
SKU0197,2025-11-09,468.223598894172
SKU0166,2025-11-09,486.0720364686431
SKU0005,2025-11-09,4.40729270676823
SKU0087,2025-11-09,10.947223933824887
SKU0155,2025-11-09,69.30428176612067
SKU0088,2025-11-09,321.9277210522488
SKU0089,2025-11-09,8.86169748970438
SKU0090,2025-11-09,463.357243422794
SKU0154,2025-11-09,394.45392486050105
SKU0091,2025-11-09,14.454118344892688
SKU0153,2025-11-09,250.5861618045882
SKU0092,2025-11-09,324.9910929452916
SKU0086,2025-11-09,38.2686402441678
SKU0152,2025-11-09,68.06961260304308
SKU0094,2025-11-09,28.285026117931466
SKU0095,2025-11-09,187.160338134018
SKU0151,2025-11-09,55.06392955906841
SKU0096,2025-11-09,326.0118257891638
SKU0097,2025-11-09,11.968726960748072
SKU0150,2025-11-09,10.947223933824887
SKU0098,2025-11-09,55.60887692063991
SKU0099,2025-11-09,14.957838829588983
SKU0149,2025-11-09,20.436385069305345
SKU0093,2025-11-09,480.80033237430905
SKU0100,2025-11-09,0.45439909941703494
SKU0156,2025-11-09,14.957838829588983
SKU0084,2025-11-09,7.496695584431944
SKU0071,2025-11-09,55.60887692063991
SKU0163,2025-11-09,4.40729270676823
SKU0072,2025-11-09,536.4646932236411
SKU0073,2025-11-09,190.49832173510157
SKU0162,2025-11-09,65.10571722014157
SKU0074,2025-11-09,268.2708530595854
SKU0075,2025-11-09,94.05285721689138
SKU0161,2025-11-09,469.2692427133391
SKU0076,2025-11-09,38.33696519769603
SKU0085,2025-11-09,248.25873831260802
SKU0077,2025-11-09,397.9947813379891
SKU0078,2025-11-09,258.3786667371178
SKU0079,2025-11-09,5.134634956175608
SKU0159,2025-11-09,10.947223933824887
SKU0080,2025-11-09,3.045345988848177
SKU0081,2025-11-09,331.1063258122417
SKU0158,2025-11-09,0.7408198987991391
SKU0082,2025-11-09,37.42197238570407
SKU0083,2025-11-09,11.973191609769712
SKU0157,2025-11-09,0.7408198987991391
SKU0160,2025-11-09,459.3962714790093
SKU0101,2025-11-09,214.5125424226758
SKU0148,2025-11-09,289.77557926147347
SKU0102,2025-11-09,224.9010403444953
SKU0138,2025-11-09,248.45910881041195
SKU0119,2025-11-09,418.2113085407251
SKU0120,2025-11-09,103.88153749395526
SKU0137,2025-11-09,169.09375960639503
SKU0121,2025-11-09,11.02702993355051
SKU0122,2025-11-09,20.641899416353546
SKU0136,2025-11-09,197.8655557112339
SKU0123,2025-11-09,493.8363813448401
SKU0124,2025-11-09,484.36296606214836
SKU0118,2025-11-09,277.5558116839696
SKU0135,2025-11-09,0.7408198987991391
SKU0126,2025-11-09,45.4058595361119
SKU0127,2025-11-09,18.285760539558325
SKU0134,2025-11-09,18.285760539558325
SKU0128,2025-11-09,88.37095893073916
SKU0129,2025-11-09,38.2686402441678
SKU0133,2025-11-09,1.3333265261862357
SKU0130,2025-11-09,3.045345988848177
SKU0131,2025-11-09,14.957838829588983
SKU0132,2025-11-09,83.52599920136437
SKU0125,2025-11-09,25.004528596462947
SKU0117,2025-11-09,0.7408198987991391
SKU0139,2025-11-09,11.968726960748072
SKU0116,2025-11-09,0.45439909941703494
SKU0103,2025-11-09,19.356048905371537
SKU0147,2025-11-09,460.970490120095
SKU0104,2025-11-09,384.8229235420829
SKU0105,2025-11-09,0.45439909941703494
SKU0146,2025-11-09,0.7408198987991391
SKU0106,2025-11-09,329.6359749748623
SKU0145,2025-11-09,485.9746607386604
SKU0107,2025-11-09,45.4058595361119
SKU0144,2025-11-09,9.579194622753354
SKU0143,2025-11-09,4.800575892100879
SKU0108,2025-11-09,0.7408198987991391
SKU0109,2025-11-09,263.926503378444
SKU0110,2025-11-09,52.24886453680486
SKU0142,2025-11-09,55.06392955906841
SKU0111,2025-11-09,76.26264521197825
SKU0112,2025-11-09,6.2401193738753165
SKU0141,2025-11-09,83.52599920136437
SKU0113,2025-11-09,0.7408198987991391
SKU0114,2025-11-09,164.9940706822518
SKU0140,2025-11-09,8.36983674104197
SKU0115,2025-11-09,488.34651902115314
SKU0070,2025-11-09,214.89995831045098
SKU0004,2025-11-09,0.7408198987991391
SKU0164,2025-11-09,85.53953335642807
SKU0068,2025-11-09,399.1160101606684
SKU0188,2025-11-09,0.7408198987991391
SKU0022,2025-11-09,255.83816233658544
SKU0023,2025-11-09,210.50901857196968
SKU0187,2025-11-09,68.66778509508335
SKU0024,2025-11-09,5.47317027006396
SKU0025,2025-11-09,7.496695584431944
SKU0186,2025-11-09,20.727316704870844
SKU0026,2025-11-09,473.79596560874063
SKU0027,2025-11-09,45.4058595361119
SKU0021,2025-11-09,68.06961260304308
SKU0185,2025-11-09,470.09464097945465
SKU0029,2025-11-09,49.314561440159245
SKU0184,2025-11-09,528.2144703111292
SKU0030,2025-11-09,68.48204822151997
SKU0031,2025-11-09,0.7408198987991391
SKU0032,2025-11-09,473.2509012195921
SKU0183,2025-11-09,281.83777091823345
SKU0033,2025-11-09,41.26427261176908
SKU0034,2025-11-09,146.75243862073276
SKU0182,2025-11-09,477.7218440131695
SKU0028,2025-11-09,18.89357101443467
SKU0181,2025-11-09,280.7041068696081
SKU0020,2025-11-09,45.4058595361119
SKU0019,2025-11-09,11.973191609769712
SKU0196,2025-11-09,13.770815894504834
SKU0006,2025-11-09,185.63261667079632
SKU0007,2025-11-09,84.74265386985303
SKU0195,2025-11-09,4.40729270676823
SKU0008,2025-11-09,229.41879747596735
SKU0009,2025-11-09,156.81703941124508
SKU0194,2025-11-09,163.86575628209093
SKU0010,2025-11-09,472.48674762199704
SKU0011,2025-11-09,395.3295801070224
SKU0189,2025-11-09,460.9614414661578
SKU0193,2025-11-09,12.663783548524485
SKU0013,2025-11-09,31.490738557769625
SKU0192,2025-11-09,16.4611220479931
SKU0014,2025-11-09,109.36482983949195
SKU0015,2025-11-09,166.09375330694533
SKU0191,2025-11-09,182.56727078571652
SKU0016,2025-11-09,331.1063258122417
SKU0017,2025-11-09,4.800575892100879
SKU0190,2025-11-09,423.17860991071024
SKU0018,2025-11-09,1.3333265261862357
SKU0012,2025-11-09,9.579194622753354
SKU0035,2025-11-09,68.49608653891804
SKU0180,2025-11-09,1.3333265261862357
SKU0036,2025-11-09,18.285760539558325
SKU0054,2025-11-09,122.08153276191932
SKU0171,2025-11-09,264.73758683143797
SKU0055,2025-11-09,4.800575892100879
SKU0056,2025-11-09,295.27847697275405
SKU0170,2025-11-09,212.43820203883618
SKU0057,2025-11-09,471.27444158623035
SKU0058,2025-11-09,31.490738557769625
SKU0059,2025-11-09,147.28403187453705
SKU0169,2025-11-09,284.6384766437411
SKU0053,2025-11-09,8.86169748970438
SKU0060,2025-11-09,13.770815894504834
SKU0168,2025-11-09,142.8816186022326
SKU0062,2025-11-09,199.57407358986111
SKU0063,2025-11-09,121.4610743515092
SKU0167,2025-11-09,226.69381916998466
SKU0064,2025-11-09,48.037410949260064
SKU0065,2025-11-09,222.74273534781244
SKU0066,2025-11-09,468.05370075461315
SKU0067,2025-11-09,4.800575892100879
SKU0165,2025-11-09,7.496695584431944
SKU0061,2025-11-09,3.2673412258769394
SKU0172,2025-11-09,61.58512027624102
SKU0052,2025-11-09,80.22633234177744
SKU0051,2025-11-09,0.7408198987991391
SKU0037,2025-11-09,25.004528596462947
SKU0038,2025-11-09,307.2741062617339
SKU0179,2025-11-09,328.3077752960052
SKU0039,2025-11-09,6.2401193738753165
SKU0040,2025-11-09,463.33690190866486
SKU0178,2025-11-09,97.37246927866595
SKU0041,2025-11-09,48.037410949260064
SKU0042,2025-11-09,86.10612232352727
SKU0177,2025-11-09,170.39980351713527
SKU0043,2025-11-09,249.12015878467793
SKU0044,2025-11-09,0.7408198987991391
SKU0176,2025-11-09,213.3231583655658
SKU0045,2025-11-09,45.4058595361119
SKU0046,2025-11-09,249.85566475901427
SKU0175,2025-11-09,139.27345765206414
SKU0047,2025-11-09,78.22576758792034
SKU0048,2025-11-09,20.47416893972086
SKU0174,2025-11-09,3.2673412258769394
SKU0049,2025-11-09,309.38270383589594
SKU0050,2025-11-09,51.35785760288146
SKU0173,2025-11-09,10.947223933824887
SKU0069,2025-11-09,211.09557782444432
SKU0200,2025-11-09,1.3333265261862357
SKU0199,2025-11-16,227.4806111235492
SKU0001,2025-11-16,242.781633608467
SKU0198,2025-11-16,0.3873186521984048
SKU0003,2025-11-16,10.885666386740755
SKU0002,2025-11-16,519.665316990622
SKU0197,2025-11-16,521.1093644362007
SKU0166,2025-11-16,530.4788792110191
SKU0005,2025-11-16,4.159629517030781
SKU0087,2025-11-16,10.149131526657804
SKU0155,2025-11-16,67.55573923569828
SKU0088,2025-11-16,339.9759879743297
SKU0089,2025-11-16,8.219956448106378
SKU0090,2025-11-16,517.3019279186559
SKU0154,2025-11-16,427.6391949056825
SKU0091,2025-11-16,13.951132397454565
SKU0153,2025-11-16,266.2283858089154
SKU0092,2025-11-16,345.2081929903485
SKU0086,2025-11-16,34.594402017632035
SKU0152,2025-11-16,69.0800502517397
SKU0094,2025-11-16,27.84308805099812
SKU0095,2025-11-16,194.49308729792588
SKU0151,2025-11-16,53.19919886583228
SKU0096,2025-11-16,345.81079824368464
SKU0097,2025-11-16,11.831828062959959
SKU0150,2025-11-16,10.149131526657804
SKU0098,2025-11-16,55.42736004608739
SKU0099,2025-11-16,14.319335255082402
SKU0149,2025-11-16,19.53238437782244
SKU0093,2025-11-16,515.4584056901908
SKU0100,2025-11-16,0.3873186521984048
SKU0156,2025-11-16,13.951132397454565
SKU0084,2025-11-16,6.891436875503693
SKU0071,2025-11-16,55.42736004608739
SKU0163,2025-11-16,4.159629517030781
SKU0072,2025-11-16,519.075897034863
SKU0073,2025-11-16,201.6408257932316
SKU0162,2025-11-16,64.98022682133367
SKU0074,2025-11-16,288.7447313805048
SKU0075,2025-11-16,89.87467700775794
SKU0161,2025-11-16,505.3650824952465
SKU0076,2025-11-16,35.756027158823535
SKU0085,2025-11-16,270.3845281971033
SKU0077,2025-11-16,463.1161100522879
SKU0078,2025-11-16,288.6005277843723
SKU0079,2025-11-16,4.728655111845336
SKU0159,2025-11-16,10.149131526657804
SKU0080,2025-11-16,2.670538077076268
SKU0081,2025-11-16,348.28758219714297
SKU0158,2025-11-16,0.3873186521984048
SKU0082,2025-11-16,34.594402017632035
SKU0083,2025-11-16,10.885666386740755
SKU0157,2025-11-16,0.3873186521984048
SKU0160,2025-11-16,514.7917139747004
SKU0101,2025-11-16,227.85591515716828
SKU0148,2025-11-16,319.2383792607349
SKU0102,2025-11-16,243.4738810791946
SKU0138,2025-11-16,257.9462771929556
SKU0119,2025-11-16,517.5432081027003
SKU0120,2025-11-16,99.99475897992858
SKU0137,2025-11-16,179.72958818609143
SKU0121,2025-11-16,10.805860387015132
SKU0122,2025-11-16,21.705181144036544
SKU0136,2025-11-16,216.2711209824238
SKU0123,2025-11-16,547.9535041705707
SKU0124,2025-11-16,527.6795740717711
SKU0118,2025-11-16,302.5994356858117
SKU0135,2025-11-16,0.47778032394852926
SKU0126,2025-11-16,42.9008768513552
SKU0127,2025-11-16,18.462096012009226
SKU0134,2025-11-16,16.637457520444002
SKU0128,2025-11-16,84.7391149766077
SKU0129,2025-11-16,34.594402017632035
SKU0133,2025-11-16,0.6651824767641561
SKU0130,2025-11-16,2.670538077076268
SKU0131,2025-11-16,14.4047525435997
SKU0132,2025-11-16,81.31419131990029
SKU0125,2025-11-16,26.171443425411837
SKU0117,2025-11-16,0.47778032394852926
SKU0139,2025-11-16,11.831828062959959
SKU0116,2025-11-16,0.3873186521984048
SKU0103,2025-11-16,18.462096012009226
SKU0147,2025-11-16,531.1811863947642
SKU0104,2025-11-16,443.2712210161193
SKU0105,2025-11-16,0.3873186521984048
SKU0146,2025-11-16,0.47778032394852926
SKU0106,2025-11-16,347.13946825518036
SKU0145,2025-11-16,530.3815034810365
SKU0107,2025-11-16,42.9008768513552
SKU0144,2025-11-16,8.711817196768788
SKU0143,2025-11-16,4.704015707714781
SKU0108,2025-11-16,0.3873186521984048
SKU0109,2025-11-16,292.7773800382186
SKU0110,2025-11-16,50.0396923028461
SKU0142,2025-11-16,53.41501121465525
SKU0111,2025-11-16,77.6768449112731
SKU0112,2025-11-16,5.21853474119642
SKU0141,2025-11-16,81.31419131990029
SKU0113,2025-11-16,0.47778032394852926
SKU0114,2025-11-16,172.04227275618436
SKU0140,2025-11-16,7.346815291496353
SKU0115,2025-11-16,540.6629012432797
SKU0070,2025-11-16,225.51563481526384
SKU0004,2025-11-16,0.3873186521984048
SKU0164,2025-11-16,86.35132333195031
SKU0068,2025-11-16,446.0268891527158
SKU0188,2025-11-16,0.47778032394852926
SKU0022,2025-11-16,290.0412423175418
SKU0023,2025-11-16,210.94895016124286
SKU0187,2025-11-16,71.0817360224923
SKU0024,2025-11-16,5.062714175920064
SKU0025,2025-11-16,7.18111672986419
SKU0186,2025-11-16,21.705181144036544
SKU0026,2025-11-16,514.1538797954893
SKU0027,2025-11-16,42.9008768513552
SKU0021,2025-11-16,69.0800502517397
SKU0185,2025-11-16,503.67407082076625
SKU0029,2025-11-16,47.44983074692311
SKU0184,2025-11-16,517.0846085499642
SKU0030,2025-11-16,69.06985919256942
SKU0031,2025-11-16,0.3873186521984048
SKU0032,2025-11-16,518.2316079628378
SKU0183,2025-11-16,307.3941091896149
SKU0033,2025-11-16,38.64167277093986
SKU0034,2025-11-16,150.08633050557737
SKU0182,2025-11-16,478.84096588787855
SKU0028,2025-11-16,18.462096012009226
SKU0181,2025-11-16,308.37664844309677
SKU0020,2025-11-16,42.9008768513552
SKU0019,2025-11-16,10.885666386740755
SKU0196,2025-11-16,12.676369574841532
SKU0006,2025-11-16,194.49308729792588
SKU0007,2025-11-16,80.63690776787767
SKU0195,2025-11-16,4.134990112900225
SKU0008,2025-11-16,245.77883232323407
SKU0009,2025-11-16,158.01640509394207
SKU0194,2025-11-16,167.40958347560687
SKU0010,2025-11-16,527.3946663433098
SKU0011,2025-11-16,453.6412198993107
SKU0189,2025-11-16,514.5026227794081
SKU0193,2025-11-16,12.17036337684831
SKU0013,2025-11-16,28.51866431841946
SKU0192,2025-11-16,16.637457520444002
SKU0014,2025-11-16,109.22411683380291
SKU0015,2025-11-16,174.7830207142465
SKU0191,2025-11-16,185.53033028996222
SKU0016,2025-11-16,346.6052812644109
SKU0017,2025-11-16,4.134990112900225
SKU0190,2025-11-16,518.1563427647523
SKU0018,2025-11-16,0.6651824767641561
SKU0012,2025-11-16,8.80121551578492
SKU0035,2025-11-16,72.31735933787749
SKU0180,2025-11-16,0.6651824767641561
SKU0036,2025-11-16,16.637457520444002
SKU0054,2025-11-16,117.41781784534027
SKU0171,2025-11-16,292.64319110759374
SKU0055,2025-11-16,4.310732522382132
SKU0056,2025-11-16,314.7199181626107
SKU0170,2025-11-16,226.66129564872912
SKU0057,2025-11-16,504.2132281206243
SKU0058,2025-11-16,28.51866431841946
SKU0059,2025-11-16,146.68907384239938
SKU0169,2025-11-16,323.2236835280754
SKU0053,2025-11-16,8.80121551578492
SKU0060,2025-11-16,12.676369574841532
SKU0168,2025-11-16,146.65317883509186
SKU0062,2025-11-16,216.41937285971647
SKU0063,2025-11-16,115.09460801621404
SKU0167,2025-11-16,250.3550755996405
SKU0064,2025-11-16,46.0054077998169
SKU0065,2025-11-16,241.22969750209123
SKU0066,2025-11-16,513.9339631679466
SKU0067,2025-11-16,4.704015707714781
SKU0165,2025-11-16,6.891436875503693
SKU0061,2025-11-16,2.8679042315717833
SKU0172,2025-11-16,61.16038276353613
SKU0052,2025-11-16,81.41022896428954
SKU0051,2025-11-16,0.3873186521984048
SKU0037,2025-11-16,26.171443425411837
SKU0038,2025-11-16,335.6454832208018
SKU0179,2025-11-16,346.0024617334192
SKU0039,2025-11-16,5.21853474119642
SKU0040,2025-11-16,510.85340194257685
SKU0178,2025-11-16,94.14289613675889
SKU0041,2025-11-16,46.0054077998169
SKU0042,2025-11-16,79.61968456090213
SKU0177,2025-11-16,184.93398731877883
SKU0043,2025-11-16,268.0418019896174
SKU0044,2025-11-16,0.3873186521984048
SKU0176,2025-11-16,227.7581948311588
SKU0045,2025-11-16,42.9008768513552
SKU0046,2025-11-16,261.9408249150594
SKU0175,2025-11-16,143.0511980128418
SKU0047,2025-11-16,78.7525062141419
SKU0048,2025-11-16,21.705181144036544
SKU0174,2025-11-16,2.8679042315717833
SKU0049,2025-11-16,332.17070210984247
SKU0050,2025-11-16,49.493126909645326
SKU0173,2025-11-16,10.149131526657804
SKU0069,2025-11-16,213.97780686002983
SKU0200,2025-11-16,0.6651824767641561
